topic,network,alpha,seed,agent,type,z,z_neighbors,gap,degree
gun_control,scale_free,0.0,1,0,Type-L,-0.736326,-0.736414,8.8e-05,5
gun_control,scale_free,0.0,1,1,Type-L,-0.736326,-0.736414,8.8e-05,5
gun_control,scale_free,0.0,1,2,Type-L,-0.736326,-0.736414,8.8e-05,5
gun_control,scale_free,0.0,1,3,Type-L,-0.736326,-0.736414,8.8e-05,5
gun_control,scale_free,0.0,1,4,Type-L,0.081997,-0.736414,0.818411,5
gun_control,scale_free,0.0,1,5,Type-L,-0.736326,-0.736414,8.8e-05,5
gun_control,scale_free,0.0,1,6,Type-L,-0.057192,-0.736414,0.679222,5
gun_control,scale_free,0.0,1,7,Type-L,-0.735926,-0.736414,0.000488,5
gun_control,scale_free,0.0,1,8,Type-L,-0.008211,-0.736414,0.728203,5
gun_control,scale_free,0.0,1,9,Type-L,0.031035,-0.736414,0.767449,5
gun_control,scale_free,0.0,1,10,Type-L,0.004953,-0.736414,0.741367,5
gun_control,scale_free,0.0,1,11,Type-L,-0.52974,-0.736414,0.206674,5
gun_control,scale_free,0.0,1,12,Type-L,-0.736546,-0.73637,0.000176,5
gun_control,scale_free,0.0,1,13,Type-L,-0.193373,-0.736414,0.543041,5
gun_control,scale_free,0.0,1,14,Type-L,-0.634971,-0.736414,0.101443,5
gun_control,scale_free,0.0,1,15,Type-L,-0.736546,-0.73637,0.000176,5
gun_control,scale_free,0.0,1,16,Type-L,-0.736326,-0.736414,8.8e-05,5
gun_control,scale_free,0.0,1,17,Type-L,-0.124558,-0.736414,0.611856,5
gun_control,scale_free,0.0,1,18,Type-L,-0.019084,-0.706927,0.687843,5
gun_control,scale_free,0.0,1,19,Type-L,-0.549744,-0.496227,0.053517,5
gun_control,scale_free,0.0,1,20,Type-L,-0.431967,-0.628293,0.196326,5
gun_control,scale_free,0.0,1,21,Type-L,0.209087,-0.467959,0.677046,5
gun_control,scale_free,0.0,1,22,Type-L,-0.691086,-0.365876,0.325209,5
gun_control,scale_free,0.0,1,23,Type-L,0.009002,-0.467959,0.476961,5
gun_control,scale_free,0.0,1,24,Type-L,0.118869,-0.267366,0.386235,5
gun_control,scale_free,0.0,1,25,Type-L,0.247958,0.074545,0.173413,5
gun_control,scale_free,0.0,1,26,Type-L,0.359835,-0.080484,0.440319,5
gun_control,scale_free,0.0,1,27,Type-L,0.222063,0.213514,0.008549,5
gun_control,scale_free,0.0,1,28,Type-L,0.131821,0.049171,0.08265,5
gun_control,scale_free,0.0,1,29,Type-L,0.507034,-0.165235,0.672269,5
gun_control,scale_free,0.0,1,30,Type-L,0.73595,0.672587,0.063364,5
gun_control,scale_free,0.0,1,31,Type-L,0.62618,0.299729,0.326451,5
gun_control,scale_free,0.0,1,32,Type-L,0.527769,0.53091,0.003141,5
gun_control,scale_free,0.0,1,33,Type-L,0.527769,0.476422,0.051348,5
gun_control,scale_free,0.0,1,34,Type-L,0.527769,0.476422,0.051348,5
gun_control,scale_free,0.0,1,35,Type-L,0.53245,0.543023,0.010573,5
gun_control,scale_free,0.0,1,36,Type-L,0.527769,0.543959,0.01619,5
gun_control,scale_free,0.0,1,37,Type-L,0.627734,0.81104,0.183306,5
gun_control,scale_free,0.0,1,38,Type-L,0.538791,0.81104,0.272248,5
gun_control,scale_free,0.0,1,39,Type-L,0.817532,0.804547,0.012985,5
gun_control,scale_free,0.0,1,40,Type-L,0.593016,0.81104,0.218024,5
gun_control,scale_free,0.0,1,41,Type-L,0.817532,0.804547,0.012985,5
gun_control,scale_free,0.0,1,42,Type-L,0.817532,0.804547,0.012985,5
gun_control,scale_free,0.0,1,43,Type-L,0.4597,0.81104,0.351339,5
gun_control,scale_free,0.0,1,44,Type-L,0.749018,0.81104,0.062022,5
gun_control,scale_free,0.0,1,45,Type-L,0.775162,0.81104,0.035878,5
gun_control,scale_free,0.0,1,46,Type-L,0.766987,0.81104,0.044053,5
gun_control,scale_free,0.0,1,47,Type-L,0.78507,0.81104,0.025969,5
gun_control,scale_free,0.0,1,48,Type-L,0.817532,0.804547,0.012985,5
gun_control,scale_free,0.0,1,49,Type-L,0.78507,0.81104,0.025969,5
gun_control,scale_free,0.0,2,0,Type-L,0.432314,-0.689929,1.122243,5
gun_control,scale_free,0.0,2,1,Type-L,-0.689929,-0.689929,0.0,5
gun_control,scale_free,0.0,2,2,Type-L,-0.655889,-0.689929,0.034039,5
gun_control,scale_free,0.0,2,3,Type-L,0.099901,-0.689929,0.78983,5
gun_control,scale_free,0.0,2,4,Type-L,0.405661,-0.689929,1.09559,5
gun_control,scale_free,0.0,2,5,Type-L,-0.689929,-0.689929,0.0,5
gun_control,scale_free,0.0,2,6,Type-L,0.327841,-0.689929,1.017769,5
gun_control,scale_free,0.0,2,7,Type-L,-0.689929,-0.689929,0.0,5
gun_control,scale_free,0.0,2,8,Type-L,0.024775,-0.689929,0.714704,5
gun_control,scale_free,0.0,2,9,Type-L,-0.377062,-0.689929,0.312867,5
gun_control,scale_free,0.0,2,10,Type-L,-0.050068,-0.689929,0.63986,5
gun_control,scale_free,0.0,2,11,Type-L,-0.689929,-0.689929,0.0,5
gun_control,scale_free,0.0,2,12,Type-L,0.232624,-0.689929,0.922553,5
gun_control,scale_free,0.0,2,13,Type-L,0.143253,-0.689929,0.833181,5
gun_control,scale_free,0.0,2,14,Type-L,-0.299051,-0.689929,0.390878,5
gun_control,scale_free,0.0,2,15,Type-L,-0.689929,-0.689929,0.0,5
gun_control,scale_free,0.0,2,16,Type-L,-0.59689,-0.689929,0.093039,5
gun_control,scale_free,0.0,2,17,Type-L,-0.689929,-0.689929,0.0,5
gun_control,scale_free,0.0,2,18,Type-L,-0.689929,-0.689929,0.0,5
gun_control,scale_free,0.0,2,19,Type-L,0.052703,-0.515151,0.567853,5
gun_control,scale_free,0.0,2,20,Type-L,-0.020774,-0.593326,0.572552,5
gun_control,scale_free,0.0,2,21,Type-L,0.056995,-0.515151,0.572146,5
gun_control,scale_free,0.0,2,22,Type-L,-0.646862,-0.178882,0.467981,5
gun_control,scale_free,0.0,2,23,Type-L,-0.07375,-0.515151,0.441401,5
gun_control,scale_free,0.0,2,24,Type-L,0.122097,-0.178882,0.300979,5
gun_control,scale_free,0.0,2,25,Type-L,-0.028715,0.071294,0.100009,5
gun_control,scale_free,0.0,2,26,Type-L,-0.094479,-0.029706,0.064772,5
gun_control,scale_free,0.0,2,27,Type-L,0.630145,0.235274,0.394871,5
gun_control,scale_free,0.0,2,28,Type-L,0.15262,0.071294,0.081325,5
gun_control,scale_free,0.0,2,29,Type-L,0.320033,-0.178882,0.498914,5
gun_control,scale_free,0.0,2,30,Type-L,0.535663,0.640581,0.104919,5
gun_control,scale_free,0.0,2,31,Type-L,0.752,0.330571,0.421429,5
gun_control,scale_free,0.0,2,32,Type-L,0.588034,0.542129,0.045905,5
gun_control,scale_free,0.0,2,33,Type-L,0.501235,0.449671,0.051564,5
gun_control,scale_free,0.0,2,34,Type-L,0.516153,0.370509,0.145644,5
gun_control,scale_free,0.0,2,35,Type-L,0.366698,0.556505,0.189808,5
gun_control,scale_free,0.0,2,36,Type-L,0.588034,0.559342,0.028692,5
gun_control,scale_free,0.0,2,37,Type-L,0.629991,0.749046,0.119055,5
gun_control,scale_free,0.0,2,38,Type-L,0.543265,0.749046,0.205781,5
gun_control,scale_free,0.0,2,39,Type-L,0.74357,0.749046,0.005476,5
gun_control,scale_free,0.0,2,40,Type-L,0.657548,0.749046,0.091498,5
gun_control,scale_free,0.0,2,41,Type-L,0.602217,0.749046,0.14683,5
gun_control,scale_free,0.0,2,42,Type-L,0.74357,0.749046,0.005476,5
gun_control,scale_free,0.0,2,43,Type-L,0.52753,0.749046,0.221516,5
gun_control,scale_free,0.0,2,44,Type-L,0.74357,0.749046,0.005476,5
gun_control,scale_free,0.0,2,45,Type-L,0.74357,0.749046,0.005476,5
gun_control,scale_free,0.0,2,46,Type-L,0.74357,0.749046,0.005476,5
gun_control,scale_free,0.0,2,47,Type-L,0.683006,0.749046,0.06604,5
gun_control,scale_free,0.0,2,48,Type-L,0.74357,0.749046,0.005476,5
gun_control,scale_free,0.0,2,49,Type-L,0.76252,0.745256,0.017264,5
gun_control,scale_free,0.0,3,0,Type-L,-0.711875,-0.711402,0.000473,5
gun_control,scale_free,0.0,3,1,Type-L,-0.711875,-0.711402,0.000473,5
gun_control,scale_free,0.0,3,2,Type-L,-0.709511,-0.711875,0.002363,5
gun_control,scale_free,0.0,3,3,Type-L,0.0789,-0.711875,0.790774,5
gun_control,scale_free,0.0,3,4,Type-L,0.215009,-0.711875,0.926884,5
gun_control,scale_free,0.0,3,5,Type-L,-0.711875,-0.711402,0.000473,5
gun_control,scale_free,0.0,3,6,Type-L,-0.694232,-0.711875,0.017643,5
gun_control,scale_free,0.0,3,7,Type-L,-0.696446,-0.711875,0.015429,5
gun_control,scale_free,0.0,3,8,Type-L,-0.110634,-0.711875,0.60124,5
gun_control,scale_free,0.0,3,9,Type-L,0.021669,-0.711875,0.733543,5
gun_control,scale_free,0.0,3,10,Type-L,-0.111026,-0.711875,0.600848,5
gun_control,scale_free,0.0,3,11,Type-L,-0.711875,-0.711402,0.000473,5
gun_control,scale_free,0.0,3,12,Type-L,0.154884,-0.711875,0.866759,5
gun_control,scale_free,0.0,3,13,Type-L,0.088456,-0.711875,0.80033,5
gun_control,scale_free,0.0,3,14,Type-L,-0.711875,-0.711402,0.000473,5
gun_control,scale_free,0.0,3,15,Type-L,-0.702122,-0.711875,0.009753,5
gun_control,scale_free,0.0,3,16,Type-L,0.245014,-0.711875,0.956889,5
gun_control,scale_free,0.0,3,17,Type-L,-0.669692,-0.711875,0.042182,5
gun_control,scale_free,0.0,3,18,Type-L,-0.152219,-0.694401,0.542181,5
gun_control,scale_free,0.0,3,19,Type-L,0.078196,-0.694401,0.772596,5
gun_control,scale_free,0.0,3,20,Type-L,-0.124822,-0.694401,0.569578,5
gun_control,scale_free,0.0,3,21,Type-L,0.027272,-0.467482,0.494754,5
gun_control,scale_free,0.0,3,22,Type-L,-0.097687,-0.114488,0.016802,5
gun_control,scale_free,0.0,3,23,Type-L,0.055774,-0.582942,0.638716,5
gun_control,scale_free,0.0,3,24,Type-L,-0.07374,-0.119278,0.045538,5
gun_control,scale_free,0.0,3,25,Type-L,0.047948,0.065719,0.017771,5
gun_control,scale_free,0.0,3,26,Type-L,0.392427,-0.103582,0.496009,5
gun_control,scale_free,0.0,3,27,Type-L,0.348813,0.249082,0.099731,5
gun_control,scale_free,0.0,3,28,Type-L,0.260859,0.069855,0.191004,5
gun_control,scale_free,0.0,3,29,Type-L,0.697211,-0.119278,0.816489,5
gun_control,scale_free,0.0,3,30,Type-L,0.697957,0.753052,0.055095,5
gun_control,scale_free,0.0,3,31,Type-L,0.369644,0.292424,0.07722,5
gun_control,scale_free,0.0,3,32,Type-L,0.445965,0.492377,0.046412,5
gun_control,scale_free,0.0,3,33,Type-L,0.445965,0.432856,0.013109,5
gun_control,scale_free,0.0,3,34,Type-L,0.445965,0.406884,0.039081,5
gun_control,scale_free,0.0,3,35,Type-L,0.426778,0.496214,0.069437,5
gun_control,scale_free,0.0,3,36,Type-L,0.445965,0.546613,0.100648,5
gun_control,scale_free,0.0,3,37,Type-L,0.781222,0.846941,0.065719,5
gun_control,scale_free,0.0,3,38,Type-L,0.846941,0.846941,0.0,5
gun_control,scale_free,0.0,3,39,Type-L,0.846941,0.846941,0.0,5
gun_control,scale_free,0.0,3,40,Type-L,0.700058,0.846941,0.146883,5
gun_control,scale_free,0.0,3,41,Type-L,0.805546,0.846941,0.041394,5
gun_control,scale_free,0.0,3,42,Type-L,0.846941,0.846941,0.0,5
gun_control,scale_free,0.0,3,43,Type-L,0.846941,0.846941,0.0,5
gun_control,scale_free,0.0,3,44,Type-L,0.399606,0.846941,0.447334,5
gun_control,scale_free,0.0,3,45,Type-L,0.82988,0.846941,0.017061,5
gun_control,scale_free,0.0,3,46,Type-L,0.82988,0.846941,0.017061,5
gun_control,scale_free,0.0,3,47,Type-L,0.781222,0.846941,0.065719,5
gun_control,scale_free,0.0,3,48,Type-L,0.846941,0.846941,0.0,5
gun_control,scale_free,0.0,3,49,Type-L,0.846941,0.846941,0.0,5
gun_control,scale_free,0.5,1,0,Type-C,-0.968799,-0.964705,0.004094,5
gun_control,scale_free,0.5,1,1,Type-C,-0.97422,-0.963621,0.010599,5
gun_control,scale_free,0.5,1,2,Type-L,-0.654503,-0.963621,0.309117,5
gun_control,scale_free,0.5,1,3,Type-C,-0.95501,-0.958468,0.003458,5
gun_control,scale_free,0.5,1,4,Type-C,-0.929246,-0.939048,0.009802,5
gun_control,scale_free,0.5,1,5,Type-L,0.333217,-0.967462,1.300679,5
gun_control,scale_free,0.5,1,6,Type-C,-0.956068,-0.958256,0.002188,5
gun_control,scale_free,0.5,1,7,Type-C,-0.974109,-0.963643,0.010467,5
gun_control,scale_free,0.5,1,8,Type-C,-0.809085,-0.81567,0.006585,5
gun_control,scale_free,0.5,1,9,Type-L,-0.121072,-0.791638,0.670566,5
gun_control,scale_free,0.5,1,10,Type-L,0.229317,-0.963621,1.192938,5
gun_control,scale_free,0.5,1,11,Type-C,-0.964116,-0.965641,0.001525,5
gun_control,scale_free,0.5,1,12,Type-L,-0.398472,-0.967462,0.568991,5
gun_control,scale_free,0.5,1,13,Type-L,0.800984,-0.967462,1.768447,5
gun_control,scale_free,0.5,1,14,Type-C,-0.772791,-0.76798,0.004811,5
gun_control,scale_free,0.5,1,15,Type-L,-0.776708,-0.954648,0.17794,5
gun_control,scale_free,0.5,1,16,Type-L,-0.256722,-0.967462,0.71074,5
gun_control,scale_free,0.5,1,17,Type-C,-0.851247,-0.848568,0.002679,5
gun_control,scale_free,0.5,1,18,Type-L,-0.460799,-0.752289,0.29149,5
gun_control,scale_free,0.5,1,19,Type-C,-0.433586,-0.429344,0.004242,5
gun_control,scale_free,0.5,1,20,Type-L,-0.015697,-0.457085,0.441389,5
gun_control,scale_free,0.5,1,21,Type-L,0.17194,-0.385161,0.557101,5
gun_control,scale_free,0.5,1,22,Type-L,-0.748357,-0.344346,0.404011,5
gun_control,scale_free,0.5,1,23,Type-L,-0.000114,-0.385161,0.385047,5
gun_control,scale_free,0.5,1,24,Type-C,-0.338066,-0.368892,0.030826,5
gun_control,scale_free,0.5,1,25,Type-C,0.055599,0.087635,0.032036,5
gun_control,scale_free,0.5,1,26,Type-C,-0.11955,-0.005711,0.113839,5
gun_control,scale_free,0.5,1,27,Type-L,0.564166,0.284796,0.27937,5
gun_control,scale_free,0.5,1,28,Type-C,0.052728,0.088209,0.035481,5
gun_control,scale_free,0.5,1,29,Type-C,-0.294882,-0.246776,0.048105,5
gun_control,scale_free,0.5,1,30,Type-L,0.526262,0.667351,0.141089,5
gun_control,scale_free,0.5,1,31,Type-L,0.74478,0.284796,0.459984,5
gun_control,scale_free,0.5,1,32,Type-C,0.602073,0.58644,0.015633,5
gun_control,scale_free,0.5,1,33,Type-C,0.438215,0.41894,0.019275,5
gun_control,scale_free,0.5,1,34,Type-C,0.38591,0.429401,0.043491,5
gun_control,scale_free,0.5,1,35,Type-L,0.759698,0.573832,0.185866,5
gun_control,scale_free,0.5,1,36,Type-L,0.545718,0.597711,0.051994,5
gun_control,scale_free,0.5,1,37,Type-L,0.630942,0.943,0.312058,5
gun_control,scale_free,0.5,1,38,Type-C,0.942325,0.933184,0.00914,5
gun_control,scale_free,0.5,1,39,Type-L,0.738468,0.943,0.204532,5
gun_control,scale_free,0.5,1,40,Type-L,0.758289,0.943,0.184711,5
gun_control,scale_free,0.5,1,41,Type-C,0.926039,0.936442,0.010403,5
gun_control,scale_free,0.5,1,42,Type-L,0.665114,0.943,0.277886,5
gun_control,scale_free,0.5,1,43,Type-C,0.893247,0.924113,0.030866,5
gun_control,scale_free,0.5,1,44,Type-C,0.94577,0.932495,0.013275,5
gun_control,scale_free,0.5,1,45,Type-C,0.952359,0.931178,0.021181,5
gun_control,scale_free,0.5,1,46,Type-L,0.857925,0.943,0.085075,5
gun_control,scale_free,0.5,1,47,Type-L,0.700156,0.884104,0.183948,5
gun_control,scale_free,0.5,1,48,Type-L,0.303594,0.943,0.639405,5
gun_control,scale_free,0.5,1,49,Type-C,0.948507,0.931948,0.016559,5
gun_control,scale_free,0.5,2,0,Type-C,-0.975107,-0.973851,0.001256,5
gun_control,scale_free,0.5,2,1,Type-C,-0.979755,-0.972922,0.006833,5
gun_control,scale_free,0.5,2,2,Type-C,-0.966489,-0.967846,0.001357,5
gun_control,scale_free,0.5,2,3,Type-C,-0.961721,-0.9688,0.007079,5
gun_control,scale_free,0.5,2,4,Type-L,0.766025,-0.942472,1.708497,5
gun_control,scale_free,0.5,2,5,Type-C,-0.979776,-0.972918,0.006858,5
gun_control,scale_free,0.5,2,6,Type-L,-0.49102,-0.965604,0.474584,5
gun_control,scale_free,0.5,2,7,Type-L,-0.652057,-0.975766,0.323709,5
gun_control,scale_free,0.5,2,8,Type-C,-0.805303,-0.810128,0.004825,5
gun_control,scale_free,0.5,2,9,Type-L,-0.263998,-0.779355,0.515358,5
gun_control,scale_free,0.5,2,10,Type-L,-0.159596,-0.965604,0.806009,5
gun_control,scale_free,0.5,2,11,Type-C,-0.965536,-0.968037,0.002501,5
gun_control,scale_free,0.5,2,12,Type-C,-0.9777,-0.973333,0.004367,5
gun_control,scale_free,0.5,2,13,Type-L,0.319817,-0.975766,1.295582,5
gun_control,scale_free,0.5,2,14,Type-C,-0.803549,-0.810479,0.006929,5
gun_control,scale_free,0.5,2,15,Type-C,-0.959168,-0.969311,0.010143,5
gun_control,scale_free,0.5,2,16,Type-L,-0.470633,-0.975766,0.505133,5
gun_control,scale_free,0.5,2,17,Type-C,-0.859447,-0.861232,0.001785,5
gun_control,scale_free,0.5,2,18,Type-L,-0.452111,-0.717971,0.26586,5
gun_control,scale_free,0.5,2,19,Type-L,0.155732,-0.52367,0.679402,5
gun_control,scale_free,0.5,2,20,Type-C,-0.552527,-0.568448,0.015921,5
gun_control,scale_free,0.5,2,21,Type-L,0.195843,-0.446058,0.641901,5
gun_control,scale_free,0.5,2,22,Type-L,-0.77642,-0.227662,0.548757,5
gun_control,scale_free,0.5,2,23,Type-L,-0.241607,-0.446058,0.20445,5
gun_control,scale_free,0.5,2,24,Type-C,-0.233817,-0.212818,0.020999,5
gun_control,scale_free,0.5,2,25,Type-L,0.357705,0.101962,0.255743,5
gun_control,scale_free,0.5,2,26,Type-C,-0.182643,-0.158003,0.024641,5
gun_control,scale_free,0.5,2,27,Type-L,0.256578,0.270574,0.013995,5
gun_control,scale_free,0.5,2,28,Type-C,0.061252,0.153675,0.092423,5
gun_control,scale_free,0.5,2,29,Type-C,-0.216245,-0.216332,8.7e-05,5
gun_control,scale_free,0.5,2,30,Type-L,0.606542,0.657037,0.050494,5
gun_control,scale_free,0.5,2,31,Type-L,0.598069,0.323854,0.274215,5
gun_control,scale_free,0.5,2,32,Type-L,0.675574,0.604057,0.071517,5
gun_control,scale_free,0.5,2,33,Type-C,0.408964,0.387363,0.0216,5
gun_control,scale_free,0.5,2,34,Type-C,0.361399,0.333367,0.028031,5
gun_control,scale_free,0.5,2,35,Type-L,0.634379,0.604057,0.030322,5
gun_control,scale_free,0.5,2,36,Type-L,0.617852,0.607362,0.01049,5
gun_control,scale_free,0.5,2,37,Type-L,0.323772,0.974119,0.650347,5
gun_control,scale_free,0.5,2,38,Type-C,0.966642,0.971026,0.004384,5
gun_control,scale_free,0.5,2,39,Type-L,0.733681,0.974119,0.240438,5
gun_control,scale_free,0.5,2,40,Type-C,0.973577,0.972732,0.000845,5
gun_control,scale_free,0.5,2,41,Type-L,0.796943,0.969437,0.172493,5
gun_control,scale_free,0.5,2,42,Type-C,0.969405,0.970474,0.001068,5
gun_control,scale_free,0.5,2,43,Type-L,0.574124,0.905194,0.331069,5
gun_control,scale_free,0.5,2,44,Type-C,0.974591,0.972529,0.002062,5
gun_control,scale_free,0.5,2,45,Type-C,0.978548,0.971738,0.00681,5
gun_control,scale_free,0.5,2,46,Type-C,0.974475,0.972553,0.001922,5
gun_control,scale_free,0.5,2,47,Type-L,0.623697,0.864518,0.240821,5
gun_control,scale_free,0.5,2,48,Type-C,0.963084,0.971738,0.008654,5
gun_control,scale_free,0.5,2,49,Type-L,0.829893,0.974119,0.144226,5
gun_control,scale_free,0.5,3,0,Type-C,-0.961082,-0.953577,0.007504,5
gun_control,scale_free,0.5,3,1,Type-L,-0.748955,-0.959746,0.210791,5
gun_control,scale_free,0.5,3,2,Type-L,-0.638015,-0.959746,0.321731,5
gun_control,scale_free,0.5,3,3,Type-L,0.275983,-0.952351,1.228334,5
gun_control,scale_free,0.5,3,4,Type-C,-0.930237,-0.940453,0.010216,5
gun_control,scale_free,0.5,3,5,Type-L,-0.496507,-0.959746,0.46324,5
gun_control,scale_free,0.5,3,6,Type-L,0.91585,-0.959746,1.875597,5
gun_control,scale_free,0.5,3,7,Type-C,-0.967214,-0.952351,0.014862,5
gun_control,scale_free,0.5,3,8,Type-C,-0.803517,-0.799359,0.004157,5
gun_control,scale_free,0.5,3,9,Type-L,0.004778,-0.774015,0.778793,5
gun_control,scale_free,0.5,3,10,Type-L,-0.047193,-0.959746,0.912553,5
gun_control,scale_free,0.5,3,11,Type-L,0.405175,-0.959746,1.364922,5
gun_control,scale_free,0.5,3,12,Type-L,0.17513,-0.959746,1.134876,5
gun_control,scale_free,0.5,3,13,Type-C,-0.959495,-0.953895,0.0056,5
gun_control,scale_free,0.5,3,14,Type-L,-0.666786,-0.826706,0.15992,5
gun_control,scale_free,0.5,3,15,Type-C,-0.949372,-0.955919,0.006547,5
gun_control,scale_free,0.5,3,16,Type-C,-0.96157,-0.95348,0.00809,5
gun_control,scale_free,0.5,3,17,Type-C,-0.870745,-0.884539,0.013794,5
gun_control,scale_free,0.5,3,18,Type-L,-0.157078,-0.727469,0.570391,5
gun_control,scale_free,0.5,3,19,Type-L,-0.390516,-0.43855,0.048034,5
gun_control,scale_free,0.5,3,20,Type-L,-0.380008,-0.512177,0.132169,5
gun_control,scale_free,0.5,3,21,Type-C,-0.36906,-0.370001,0.000941,5
gun_control,scale_free,0.5,3,22,Type-L,-0.780074,-0.344512,0.435562,5
gun_control,scale_free,0.5,3,23,Type-L,-0.206217,-0.38905,0.182834,5
gun_control,scale_free,0.5,3,24,Type-C,-0.309161,-0.323923,0.014761,5
gun_control,scale_free,0.5,3,25,Type-L,0.125671,0.098505,0.027166,5
gun_control,scale_free,0.5,3,26,Type-L,0.101311,-0.135905,0.237215,5
gun_control,scale_free,0.5,3,27,Type-L,0.125671,0.189951,0.06428,5
gun_control,scale_free,0.5,3,28,Type-C,0.085634,0.106512,0.020878,5
gun_control,scale_free,0.5,3,29,Type-C,-0.273813,-0.284305,0.010492,5
gun_control,scale_free,0.5,3,30,Type-L,0.497698,0.591393,0.093696,5
gun_control,scale_free,0.5,3,31,Type-C,0.271658,0.284663,0.013004,5
gun_control,scale_free,0.5,3,32,Type-C,0.576064,0.57572,0.000344,5
gun_control,scale_free,0.5,3,33,Type-L,0.790491,0.499033,0.291458,5
gun_control,scale_free,0.5,3,34,Type-C,0.441355,0.405077,0.036278,5
gun_control,scale_free,0.5,3,35,Type-C,0.574873,0.575958,0.001086,5
gun_control,scale_free,0.5,3,36,Type-C,0.576823,0.575568,0.001255,5
gun_control,scale_free,0.5,3,37,Type-C,0.975079,0.97046,0.004619,5
gun_control,scale_free,0.5,3,38,Type-C,0.965827,0.969743,0.003916,5
gun_control,scale_free,0.5,3,39,Type-C,0.972358,0.971004,0.001353,5
gun_control,scale_free,0.5,3,40,Type-C,0.972304,0.971015,0.001289,5
gun_control,scale_free,0.5,3,41,Type-L,0.589095,0.918049,0.328954,5
gun_control,scale_free,0.5,3,42,Type-C,0.96845,0.969218,0.000769,5
gun_control,scale_free,0.5,3,43,Type-C,0.891308,0.904452,0.013145,5
gun_control,scale_free,0.5,3,44,Type-C,0.973361,0.970803,0.002558,5
gun_control,scale_free,0.5,3,45,Type-L,0.640112,0.97231,0.332198,5
gun_control,scale_free,0.5,3,46,Type-L,0.773401,0.97231,0.19891,5
gun_control,scale_free,0.5,3,47,Type-L,0.823323,0.845214,0.021891,5
gun_control,scale_free,0.5,3,48,Type-C,0.962243,0.97046,0.008217,5
gun_control,scale_free,0.5,3,49,Type-L,0.85502,0.97231,0.117291,5
