step,conflict,conformity,total,opt_conflict,opt_conformity,opt_total,poa,poa_stored,conflict_share,conformity_share,poa_conflict,poa_conformity
1,75.2193,51.6094,126.829,14.1467,9.09221,23.2389,5.45759,5.45759,0.593078,0.406922,3.23678,2.22081
2,23.7858,12.6181,36.4039,5.80398,3.11057,8.91455,4.08365,4.08365,0.653385,0.346615,2.66819,1.41545
3,26.8046,12.7924,39.597,6.04936,3.26134,9.3107,4.25285,4.25285,0.676935,0.323065,2.87891,1.37395
4,29.3239,12.8856,42.2095,6.59349,3.11582,9.70931,4.34733,4.34733,0.694723,0.305277,3.02019,1.32714
5,29.4816,12.7347,42.2163,7.3462,3.07242,10.4186,4.052,4.052,0.698347,0.301653,2.8297,1.2223
6,28.4566,12.1599,40.6165,7.627,3.47063,11.0976,3.65992,3.65992,0.700616,0.299384,2.5642,1.09572
7,29.954,12.5726,42.5266,8.12032,3.44252,11.5628,3.67787,3.67787,0.704359,0.295641,2.59054,1.08733
8,27.12,10.1066,37.2266,8.0558,3.16649,11.2223,3.3172,3.3172,0.728512,0.271488,2.41662,0.90058
9,26.6276,9.58847,36.2161,8.21683,3.04677,11.2636,3.21532,3.21532,0.735243,0.264757,2.36404,0.851279
10,25.7843,9.02287,34.8072,6.70119,2.62312,9.32431,3.73295,3.73295,0.740776,0.259224,2.76528,0.967672
11,25.649,8.96288,34.6119,6.71205,2.67983,9.39188,3.6853,3.6853,0.741046,0.258954,2.73097,0.954322
12,36.6364,13.1949,49.8313,6.08226,4.32279,10.405,4.78915,4.78915,0.735208,0.264792,3.52102,1.26813
13,32.6628,11.8427,44.5055,8.30008,4.69215,12.9922,3.42554,3.42554,0.733906,0.266094,2.51403,0.911518
14,35.5244,13.0797,48.6041,7.34985,2.8144,10.1642,4.78187,4.78187,0.730893,0.269107,3.49504,1.28683
15,35.0979,13.0726,48.1705,7.14669,2.83189,9.97857,4.82739,4.82739,0.728617,0.271383,3.51732,1.31007
16,33.1113,12.8318,45.9431,6.88708,2.52815,9.41523,4.87966,4.87966,0.720701,0.279299,3.51678,1.36288
17,31.999,12.8682,44.8673,6.82611,2.59118,9.41729,4.76435,4.76435,0.713194,0.286806,3.39791,1.36645
18,30.1807,11.968,42.1487,6.38526,2.55972,8.94498,4.71199,4.71199,0.716052,0.283948,3.37403,1.33796
19,28.8418,11.5558,40.3976,6.41124,2.2249,8.63613,4.67774,4.67774,0.713948,0.286052,3.33966,1.33808
20,30.4484,11.9535,42.4018,6.78788,2.42231,9.2102,4.60379,4.60379,0.718091,0.281909,3.30594,1.29785
21,44.0608,17.0772,61.1379,9.51354,3.24094,12.7545,4.79344,4.79344,0.720678,0.279322,3.45453,1.33891
22,36.7783,14.3551,51.1334,7.61914,3.34261,10.9618,4.66471,4.66471,0.719262,0.280738,3.35515,1.30956
23,41.8493,16.2027,58.052,6.55338,2.03556,8.58895,6.75892,6.75892,0.720893,0.279107,4.87246,1.88646
24,35.0139,13.9424,48.9563,7.52171,3.27514,10.7968,4.53431,4.53431,0.715208,0.284792,3.24298,1.29134
25,32.7332,12.7565,45.4897,7.76652,4.81056,12.5771,3.61687,3.61687,0.719573,0.280427,2.60261,1.01427
26,33.8964,13.3959,47.2923,8.36108,4.65318,13.0143,3.63388,3.63388,0.716742,0.283258,2.60456,1.02932
27,35.7642,14.0403,49.8045,7.98557,3.60515,11.5907,4.29693,4.29693,0.718091,0.281909,3.08559,1.21134
28,35.2051,13.994,49.1991,7.94261,3.66923,11.6118,4.23697,4.23697,0.715564,0.284436,3.03183,1.20515
29,36.3797,14.3423,50.722,8.54874,4.67867,13.2274,3.83461,3.83461,0.717238,0.282762,2.75033,1.08428
30,36.5619,14.4977,51.0596,7.75495,3.4637,11.2186,4.55131,4.55131,0.716063,0.283937,3.25903,1.29228
31,36.5161,14.2178,50.7339,8.46259,4.43819,12.9008,3.93262,3.93262,0.719758,0.280242,2.83054,1.10209
32,35.5446,14.0955,49.6401,8.04874,3.74527,11.794,4.20892,4.20892,0.716046,0.283954,3.01378,1.19514
33,36.0625,14.2088,50.2713,8.24235,4.04661,12.289,4.09077,4.09077,0.717357,0.282643,2.93454,1.15623
34,35.5413,14.0169,49.5583,8.70646,5.14247,13.8489,3.57849,3.57849,0.717162,0.282838,2.56636,1.01213
35,35.2451,13.8568,49.1019,8.68207,5.1395,13.8216,3.55256,3.55256,0.717795,0.282205,2.55001,1.00255
36,34.9402,13.865,48.8052,8.59957,4.89074,13.4903,3.6178,3.6178,0.715912,0.284088,2.59002,1.02777
37,35.1056,13.8226,48.9282,8.604,4.77972,13.3837,3.6558,3.6558,0.717493,0.282507,2.62301,1.03279
38,34.8829,13.7755,48.6584,8.58751,4.79089,13.3784,3.63709,3.63709,0.716894,0.283106,2.60741,1.02968
39,35.505,14.0453,49.5503,8.79859,5.27294,14.0715,3.52132,3.52132,0.716544,0.283456,2.52318,0.998139
40,37.2155,14.3445,51.5601,8.939,5.47112,14.4101,3.57804,3.57804,0.72179,0.27821,2.5826,0.995449
41,36.8649,14.1503,51.0152,8.90628,5.12371,14.03,3.63616,3.63616,0.722626,0.277374,2.62758,1.00858
42,34.8041,13.3966,48.2007,8.68304,4.58206,13.2651,3.63364,3.63364,0.722067,0.277933,2.62374,1.00991
43,36.2534,13.2943,49.5477,8.91926,5.14932,14.0686,3.52187,3.52187,0.731687,0.268313,2.5769,0.944963
44,36.1784,13.2671,49.4456,8.90891,5.13608,14.045,3.52051,3.52051,0.731682,0.268318,2.5759,0.944618
45,35.3126,13.2338,48.5464,8.76889,5.09315,13.862,3.50211,3.50211,0.727399,0.272601,2.54743,0.95468
46,35.3225,13.2568,48.5792,8.90284,4.94817,13.851,3.50727,3.50727,0.72711,0.27289,2.55017,0.957098
47,35.7926,13.2574,49.05,8.0043,3.79734,11.8016,4.15621,4.15621,0.729717,0.270283,3.03285,1.12335
48,35.9127,13.3265,49.2392,8.84051,4.33573,13.1762,3.73697,3.73697,0.729352,0.270648,2.72557,1.0114
49,35.9569,13.3102,49.2671,8.79888,4.22927,13.0282,3.78159,3.78159,0.729836,0.270164,2.75994,1.02165
50,35.3542,13.3058,48.66,8.64083,4.22746,12.8683,3.78139,3.78139,0.726556,0.273444,2.74739,1.034
51,35.4758,13.3302,48.806,8.92772,4.62464,13.5524,3.60129,3.60129,0.726874,0.273126,2.61768,0.983605
52,35.0927,13.3124,48.4051,8.87422,4.6155,13.4897,3.58829,3.58829,0.724979,0.275021,2.60144,0.986858
53,35.0083,13.2655,48.2739,8.75162,4.23155,12.9832,3.71819,3.71819,0.725203,0.274797,2.69644,1.02175
54,35.0296,13.2736,48.3032,8.89375,4.5948,13.4886,3.58105,3.58105,0.725202,0.274798,2.59699,0.984066
55,35.2679,13.3392,48.6072,9.2831,4.51637,13.7995,3.5224,3.5224,0.725571,0.274429,2.55575,0.966649
